{"cameraMode":{"drawMode":0,"name":"Shaded","section":"Shading Mode"},"sceneLighting":true,"audioPlay":false,"sceneViewState":{"m_AlwaysRefresh":false,"showFog":true,"showSkybox":true,"showFlares":true,"showImageEffects":true,"showParticleSystems":true,"showVisualEffectGraphs":true,"m_FxEnabled":true},"in2DMode":false,"pivot":{"x":1.5964736938476563,"y":0.44400930404663088,"z":-0.5360231399536133},"rotation":{"x":0.32262101769447329,"y":-0.0042591458186507229,"z":0.0014519222313538194,"w":0.9465195536613464},"size":6.548442840576172,"orthographic":false}